"","titular"
"1","""Doble desafío sanitario"": El reto de vacunar simultáneamente contra el covid-19 y la influenza"
"2","Ejército detalla cambios a Parada Militar: acto será reemplazado por ceremonia en Escuela Militar a la que asistirá una “mínima” representación de “unidades”"
"3","""El Plebiscito va"": Figuras de oposición elaboran video en defensa de la fecha de la consulta"
"4","Cadem: 57% cree que aumento de contagios se debe a que no se respetan medidas sanitarias"
"5","Brasil bate nuevo récord de muertes en un día y se transforma en el tercer país con más decesos a causa del covid-19"
"6","""Batalla por las vacunas"" suma un nuevo capítulo: Hungría quiere la opción rusa, no reconocida por la UE"
"7","Alcaldesa de San Bernardo advierte sobre problemas de hacinamiento ante el Covid-19: “Lamentablemente esto nos pilló con muchos allegados”"
"8","Seremi confirma 40 contactos estrechos de la variante Delta: 30 en Biobío y 10 en Coquimbo"
"9","Los efectos del Covid-19 en el cerebro: Paciente habría padecido psicosis y delirios"
"10","Mañalich asegura que “la situación será alarmante” si se comprueba que el coronavirus deja una baja inmunidad en la población contagiada"
"11","Sin “picoteos”, no fumar y evitar la carta física: Las recomendaciones de las autoridades de cara a la apertura de restaurantes y cafés en 5 comunas de la RM"
"12","Alcalde Soria y traslado de extranjeros: ""La decisión fue acordada con Bolivia, pero no con Iquique"""
"13","Blumel ratifica extensión de estado de excepción por la pandemia: “Estamos enfrentando obviamente los momentos más complejos del coronavirus”"
"14","Otra forma de saber si tienes Covid-19: PCR a la pantalla de tu teléfono celular"
"15","Abrupta demanda de vacunas contra la influenza agota primeras partidas"
"16","Paris aborda cuestionamientos de Siches a Piñera por vacunación del personal de salud y llama a “no confundir a la opinión pública”"
"17","Cuarentenas prolongadas están acelerando la pérdida cognitiva en adultos mayores"
"18","Hombre de 63 años fallece por Covid-19 al interior de su casa en La Florida"
"19","Super de Pensiones emite oficio definitivo para retiro de fondos: Proceso comienza este jueves a las 09.00 horas"
"20","Rafael Caroca: “Preocupa esta incertidumbre”"
"21","Presidente francés Emmanuel Macron da positivo por coronavirus y se mantendrá en aislamiento durante siete días"
"22","Alemania roza los 300 mil casos de Covid-19 tras confirmar más de 2.200 contagios en las últimas horas"
"23","Contraloría toma razón y da luz verde a decreto que entrega recursos a sistema de trazabilidad covid"
"24","Superintendencia de Pensiones afirma que reforzará canales de atención para agilizar pagos del seguro de cesantía"
"25","Sebastián Yatra: ""La gente está pasando por un momento difícil y nuestra responsabilidad es acompañarlos"""
"26","ISP valida uso de emergencia de la vacuna Janssen de Johnson & Johnson: Es la quinta autorizada en Chile"
"27","El potente llamado de Nacho Gutiérrez a vacunarse contra el Covid-19"
"28","Catorce regiones contabilizan siete días o más sin registrar récord de pacientes Covid-19 en UCI: Magallanes es la única que ha alcanzado su peak en este inicio de mayo"
"29","Máquinas de cardio para espacios reducidos"
"30","Arquero de la Real Sociedad anuncia su negativo en test de PCR"
"31","Zúñiga y críticas del Colegio Médico: “No han reconocido de gran forma el trabajo que se ha realizado (...)  Aceptamos las críticas cuando tienen un fin constructivo”"
"32","La multimillonaria apuesta de EE.UU. por lograr una cura marca registrada"
"33","Coronavirus: Cifra de muertos aumenta a 1.113 y confirman 44.653 contagiados"
"34","Dos encuentros por reprogramar y un posible alargue del torneo: La difícil tarea de la ANFP de completar la temporada 2020, en pleno avance del Coronavirus"
"35","Cámara Baja de EE.UU. aprueba el nuevo plan de estímulo por US$480.000 millones para paliar efectos del covid-19"
"36","Minsal: sobre 3,7 millones de personas ya han recibido la vacuna contra el Covid-19 en Chile"
"37","Ministro Paris y medidas frente al coronavirus: ""Si la gente no entiende por la razón, obviamente habrá que aplicar más fuerza”"
"38","“El derecho a decir adiós”: donan tablets para que pacientes se despidan de sus seres queridos en Italia"
"39","En la búsqueda de los Covid-19"
"40","Jaime Valdés propuso jugar en dos semanas y dejó la grande"
"41","Hope Hicks, la “paciente cero” del virus en la Casa Blanca"
"42","Subsecretarios Zúñiga y Daza permanecerán en sus cargos en el Minsal tras la salida de Mañalich"
"43","La respuesta de Bolsonaro tras brusca alza de muertes por covid-19 en Brasil: ""Soy el Mesías, pero no hago milagros"""
"44","""Una señal de confianza a la robustez y solidez macroeconómica de nuestro país”: Briones destaca línea crédito flexible del FMI al Banco Central"
"45","Mapas: Las comunas que continúan en cuarentena en la RM y las que se suman a partir del jueves 23"
"46","""Nube de gas turbulento"": El fenómeno que ""atrapa"" las gotas de saliva y podría extender la vida del virus en el aire"
"47","Ministro Delgado informa llegada de 1 millón de vacunas Sinovac este sábado y nuevo arribo de Pfizer: “Tenemos la obligación de asegurar las segundas dosis”"
"48","Red de Laboratorios universitarios duplicarán capacidad nacional para secuenciar coronavirus"
"49","Tokio supera por primera vez los mil casos diarios de coronavirus"
"50","

                
                
                Paso a Paso: Quilicura, Recoleta y Buin avanzan a Transición desde el próximo lunes
"
"51","¿Y ahora, qué? El suspenso que se le fue encima a la lucha Trump v/s Biden con el Covid presidencial"
"52","La Reserva Federal sorprende al mundo y aplica “recorte de emergencia” de la tasa de interés para enfrentar el coronavirus"
"53","Sochimi explica las razones de la alta mortandad en las urgencias: ""Ahí es donde lo vamos a pasar más mal"""
"54","Universidad estadounidense ofrece dinero a sus estudiantes a cambio de que no viajen durante el ""spring break"""
"55","Carabineros detalla que última jornada de toque de queda y cuarentena fue infringida por 1.004 personas"
"56","Un salvavidas con riesgo: los clubes reciben por primera vez con IVA incluido la cuota del CDF"
"57","Político japonés subastó por internet mascarillas quirúrgicas en medio de crisis por coronavirus"
"58","Residencias sanitarias no registradas y compras de test a empresa cosmética: Transparencia acusa falta de claridad en compras por Covid"
"59","Banderines, PVC y hasta un rodillo gigante: las playas se preparan"
"60","La preocupación de Argentina ante el aumento de casos de covid-19 y el inicio de las vacaciones"
"61","Greta Thunberg aislada: sospecha que tiene coronavirus"
"62","Cifra diaria de casos de Covid-19 en la Región Metropolitana es la menor en más de seis meses"
"63","A un año del brote en Europa: Las cifras de los primeros siete países que reportaron contagios de covid-19 en el continente"
"64","""Estamos comenzando una semana muy compleja"": Paris pide fortalecer las medidas de autocuidado"
"65","Activan plan de emergencia en hospitales en Francia tras aumento de contagios"
"66","

                
                
                Falla en la estrategia TTA: 37,5% de los centros de atención primaria no está realizando la trazabilidad a los casos sospechosos de Covid-19
"
"67","Enrique Paris y futuras cifras de decesos por Covid: “Vamos a agregar a los fallecidos probables”"
"68","Anuncian «resultados positivos» en vacuna candidata contra el Covid-19"
"69","Fotógrafos y exploradores submarinos eligen su mejor foto"
"70","La Araucanía y Magallanes: Las cifras de las regiones donde alcaldes apuestan por unirse al desconfinamiento gradual"
"71","Suspenden en Brasil la vacunación de embarazadas con dosis de AstraZeneca"
"72","Productoras informan que se suspenden funciones de autocine por el COVID-19"
"73","[VIDEO] “La mejor cuarentena de esta dimensión”: Kramer imita a Mañalich y sus anuncios por el Coronavirus"
"74","Ministro de Educación afirma que clases podrían extenderse hasta el 15 de enero"
"75","

                
                
                Confusam acusa hay ""sobreexplotación del trabajo diario"" de los funcionarios de salud
"
"76","

                
                
                Coronavirus: ¿cuán cerca estamos de una ""vacuna universal"" contra la gripe y otras enfermedades respiratorias?
"
"77","

                
                
                Otro alto personero chavista contagiado: ministro de Petróleo Tareck el Aissami da positivo en test de COVID-19
"
"78","Gobierno ingresará proyecto para facilitar acceso al Ingreso Familiar de Emergencia 2.0"
"79","En medio del momento más duro, Brasil anuncia elaboración de vacuna propia contra el covid-19"
"80","Merkel advierte que Alemania enfrenta un “nuevo virus más letal e infeccioso” y anuncia medidas más estrictas de confinamiento para Semana Santa"
"81","En un lado, sí; en otro, no: La disparidad de protocolos Covid que indigna a Chile por Mauricio Isla"
"82","En camino a la vacuna: Científicos chinos logran proteger a grupo de macacos del coronavirus"
"83","

                
                
                Coronavirus: Saint George's se convierte en el primer colegio chileno en cuarentena
"
"84","Diarios de UCI: Los esfuerzos por humanizar la atención de pacientes con Covid-19"
"85","VIDEO. Las frenéticas jornadas de los sepultureros brasileños"
"86","“Alexis no jugó con positivo”: la comisión médica no encuentra aún trampa en el caso La Calera"
"87","Hacienda debió explicar recortes en inversiones"
"88","Ministro Paris por posible “dilema de la última cama” ante alta ocupación en UCI:  “Nunca vamos a llegar a ese punto”"
"89","Cuarta muerte por Covid-19: Hombre de 80 años falleció ""a pesar de haber hecho todos los esfuerzos"""
"90","Diputados piden que trabajadores de la salud tengan subsidio para contratar quien cuide a sus hijos durante cuarentena"
"91","Investigación independiente concluye que la OMS carece de poder para combatir las pandemias"
"92","Oposición dice que ""no basta un cambio de rostro"" en el Minsal y llama al ministro Paris a modificar la estrategia contra el covid"
"93","Cámara suspende sesión tras caso positivo por Covid-19 de hija de un funcionario"
"94","Cabify implementa en Chile cabinas de aislamiento para evitar contagios por coronavirus"
"95","Intendente Guevara por viaje de empresarios en helicópteros: ""Las explicaciones tendrán que darlas a los tribunales"""
"96","Mesa Social alista protocolo para la “última cama”"
"97","Minsal declara que ""lo ideal"" es respetar grupos prioritarios para la vacuna, pero se abre a flexibilizar las dosis"
"98","Segundo retiro del 10%: Comisión fija opción de reintegro voluntario e impuestos para renta sobre $2,5 millones"
"99","Aseguran que vacuna rusa anticoronavirus tiene una eficacia del 92 por ciento"
"100","Coronavirus en Chile y la casa como oficina: Difícil pero no imposible"
"101","De las ""muertes en exceso"" a los ""incentivos"": El historial de enfrentamientos entre Espacio Público y el Minsal"
"102","Lollapalooza Chile 2020 confirma su suspensión y anuncia que se podría reprogramar para el segundo semestre"
"103","Advierten que casos de dermatitis por contacto se han duplicado en Chile por el lavado frecuente de manos"
"104","Vacunación y tercera dosis: Cuántas faltan por llegar y los preacuerdos vigentes para abordar este posible escenario"
"105","Experto en enfermedades infecciosas del gobierno de EE.UU: “Ahora mismo, no necesitamos administrarle a la gente una tercera dosis de la vacuna”"
"106","India supera los 2,9 millones de contagios y contabiliza 692 mil casos activos"
"107","Nuevos hábitos en pandemia: Puertas afuera también cambiamos"
"108","San Antonio a cuarentena: El paso a paso de la comuna puerto para volver al confinamiento"
"109","

                
                
                Más de 900 trabajadores de salud han muerto por COVID-19 en Estados Unidos
"
"110","Tres emprendedores chilenos desarrollan innovador dispositivo que utiliza ozono acuoso para desinfectar superficies y espacios cerrados"
"111","""Mapa de movilidad"": El trabajo que desarrolla el Minsal para conocer zonas donde se deberían endurecer medidas"
"112","ByN planea importante recorte en Colo Colo: reducir sueldos en un 50%"
"113","Caótico inicio de vacunación contra el virus de la influenza"
"114","Efecto de clases a distancia: Aumentan los mayores de 30 años que optan por la educación superior y caen los menores de 25"
"115","Ente regulador sanitario europeo afirma estar ""convencido"" de los beneficios de la vacuna de AstraZeneca"
"116","Obispado de Valparaíso suspende la peregrinación al santuario de Lo Vásquez debido a la pandemia"
"117","El choque del secretario del Tesoro de EEUU con Axl Rose en Twitter se vuelve viral"
"118","Candidato a alcalde por Zapallar es detenido por infringir la norma sanitaria"
"119","Empresa que fabricó máscaras y trajes usados en ""Chernobyl"" los donará a hospitales y residencias de adultos mayores"
"120","""Un llamado de atención"" y ""complejo cambio de gobernanza"": Expertos analizan plan del Colmed para manejar la pandemia"
"121","

                
                
                Advierten que fumadores tienen hasta 14 veces más riesgo de progresión de la enfermedad por Covid-19
"
"122","""La subsecretaria tiene una debilidad enorme por el café"": Mañalich defiende ejemplo de Daza sobre ""nueva normalidad"""
"123","Khaled Fahmy y el escenario post covid-19: ""La forma en que los gobiernos vigilarán los gestos de cada uno es alarmante"""
"124","Donald Trump celebra recorte de tasas de la Fed, pero no queda conforme"
"125","Los peores ejemplos de merchandising del Coronavirus"
"126","Fiscalización a clases online: Superindentencia de Ed. Superior revisa medidas informadas por 45 planteles"
"127","Uñas Covid: como unos cambios en las uñas te pueden indicar si alguna vez tuviste coronavirus"
"128","Cómo Dinamarca llegó a ""controlar"" el coronavirus: Reporta menos de dos mil casos activos"
"129","Los inversionistas se fijan en las farmacéuticas chinas en medio del brote de neumonía"
"130","Rápido y Furioso 9 fue retrasada un año por el coronavirus"
"131","Chilevisión suspende sus programas como medida preventiva de coronavirus"
"132","Tom Moore, el británico de 100 años que reunió dinero para el sistema de salud de su país, será nombrado ""caballero"""
"133","Desbordes (RN) por petición de autoridades de cuarentena para Valparaíso: ""Ojalá se decrete, creo que es importante hacerlo”"
"134","Matrimonios en cuarentena"
"135","HBO pospuso el rodaje de Barry y Succession debido al coronavirus"
"136","Cesar Cielo: “Yo tenía que ganar todo el tiempo, era una tarea diaria”"
"137","El otro lado de la crisis: Fórmula Uno registra impactantes caídas financieras por la suspensión de las carreras"
"138","«Lo difícil es infectar al primer ser humano; la globalización hace el resto»: un científico se mete en la piel del SARS-CoV-2"
"139","Un estudio revela nuevos detalles sobre complicaciones de COVID-19 en niños"
"140","Prolongan cuarentena en seis comunas de la Región Metropolitana durante el fin de semana y el lunes la medida se levantará parcialmente"
"141","Paris defiende desconfinamiento en Aysén y Los Ríos: Dice que es voluntario y rechaza uso del concepto ""conejillos de indias"""
"142","Carabineros detuvo a 87 personas en motel de La Florida por infringir normas sanitarias"
"143","Atacan ambulancia que llevaba muestras de COVID-19: rayaron «no + virus»"
"144","La lucha contra el covid-19 en Magallanes avanza con más especialistas, oxigenoterapia y aeroevacuaciones diarias"
"145","Aerolíneas bajan operación al mínimo y piden reducir cobros en el aeropuerto"
"146","Alan Meyer, Mercado Libre: “La gente se está alejando de los bienes de lujo. Hoy crecen categorías como salud y equipamiento”"
"147","EE.UU. está en alerta máxima por la pandemia mientras que Europa busca extremar medidas"
"148","Popular cuenta de memes de Instagram fue baneada por compartir estafas relacionadas con el coronavirus"
"149","Fabricante de vodka advierte que el destilado es ""inútil"" para protegerse del coronavirus tras consejos de consumidores"
"150","Nuevos contagios de coronavirus se cifran en 6.053 y positividad llega al 13,81%, el nivel más alto en más de ocho meses"
"151","Bolsas mundiales intentan recuperarse pero sigue temor por el coronavirus"
"152","Vacunas a 70°C bajo cero: la compleja misión de conservar la inyección contra el coronavirus de Pfizer, la que solo beneficiaría a los países ricos"
"153","Argentina suma 11.807 nuevos contagios de covid-19 y alcanza los 723.132 casos"
"154","Paris y diferencias con el Consejo Covid-19 por desconfinamiento: “Hemos seguido punto por punto el tema de la trazabilidad en las regiones dónde hemos avanzado”"
"155","EE.UU. enviará a otros países 60 millones de sus dosis anticovid de AstraZeneca"
"156","Covid-19 termina con los 56 años de historia de Johnson’s en el retail nacional"
"157","Noche de fiestas clandestinas en la RM: Un total de 87 detenidos por eventos ilegales en Las Condes, Lo Barnechea y Santiago"
"158","Renca con peor tasa de incidencia, San Pedro con mayor porcentaje de vacunados con primera dosis: Zoom a la RM"
"159","Cuba no registra casos nuevos de Covid-19 por primera vez desde que se detectó el primer contagio"
"160","Minsal informa que solo un 65% de las personas entre 48 y 49 años se han vacunado"
"161","Menor fue vacunada por error contra el covid-19 en Recoleta: Daza dice que se está investigando"
"162","“Se me ha hecho un daño invaluable”: los descargos del imputado por viajar a Temuco pese a ser sospechoso de coronavirus"
"163","Y si encontramos la vacuna, ¿qué sigue?"
"164","Mañalich anuncia 550 nuevos ventiladores mecánicos y capacidad llegaría a 4.859 a fines de junio"
"165","Las neurocientíficas que decidieron educar a la población a través de las redes sociales en plena pandemia"
"166","Las lesiones que proceden del Zoom"
"167","Ministro Paris dice que “no tenemos solicitud” para primer concierto en pandemia pero que “lo analizaremos”"
"168","Laurie Garrett: “Lo peor de esta pandemia ocurrirá en julio en el hemisferio sur”"
"169","

                
                
                Coronavirus: por qué secarse las manos es tan importante como lavárselas para evitar la propagación del covid-19
"
"170","Subsecretaria de la Niñez: “El 54% de los infractores del toque de queda son jóvenes”"
"171","No va más: la Enade 2020 finalmente se cancela debido al coronavirus"
"172","Donald Trump Jr., el hijo mayor del Presidente de EE.UU. da positivo a covid-19"
"173","India reporta 96.000 contagios en las últimas 24 horas y ordena repetir pruebas"
"174","Desde un histórico relator de los juegos FIFA hasta el querido japonés Ken Shimura: La larga lista de conocidos personajes que se han contagiado de coronavirus (VI)"
"175","Manual contra los “quebranta cuarentena”: la circular que define qué hacer con quienes rompen el confinamiento"
"176","Decreto Fogape dispone que el 25% del fondo debe ser para empresas de menor tamaño"
"177","Argentina suma 15.455 casos nuevos y 485 muertes por covid-19: Decesos llegaron a 22.710"
"178","Israel suspende el uso obligatorio de mascarilla al aire libre"
"179","EE.UU. se suma a programa COVAX para distribuir vacunas anticovid en el mundo"
"180","Antofagasta Minerals anuncia disminución de ingreso de trabajadores a sus faenas para evitar contagios por coronavirus"
"181","Llega a Chile segundo Hospital Modular: sumará 100 nuevas camas a la Red Integrada de Salud"
"182","Nuevos contagios reordenan a Chile en el panorama mundial frente a la pandemia"
"183","Ecuador cierra las fronteras terrestres y marítimas y suspende los vuelos internacionales por el coronavirus"
"184","

                
                
                Pérdida del olfato y su relación con SARS-CoV-2
"
"185","Concepción sigue como la comuna con más casos activos: RM y el Biobío las regiones que más tienen entre las 10 primeas"
"186","Los nuevos criterios para declarar a “no infectantes” y el carnet de alta: La prueba de blancura que divide a expertos"
"187","Cómo serán los viajes tras el coronavirus"
"188","

                
                
                Minsal comenzó estudio clínico para evaluar vacunación de tercera dosis contra el Covid-19
"
"189","Colegio hizo la prueba de adaptar sus salas a la pandemia, pero no resultó: Dice que “el regreso a clases es utópico”"
"190","Metlife anuncia que sus seguros complementarios y catastróficos cubrirán coronavirus por al menos cuatro meses"
"191","Paula Labra asume como nueva seremi de Salud de la Región Metropolitana"
"192","VIDEO. Los “zapatos antivirus” talla 75 que hacen cumplir la distancia social"
"193","Cuídese y tire toda la pinta con su mascarilla personalizada"
"194","

                
                
                Toxicóloga llama a desestimar falsas publicaciones sobre beneficios de drogas ilícitas contra el Covid-19
"
"195","Merkel apela a la solidaridad porque hasta el 70% de los alemanes podría contagiarse de coronavirus"
"196","Conteo diario del DEIS revela que muertes vinculadas al Covid-19 durante junio alcanzan el 51,37% del total de fallecidos a lo largo de la pandemia"
"197","Seis están en Fase 4 y cinco en cuarentena: El escenario de las 32 comunas que alcanzaron el 75% de vacunación"
"198","Presidente Piñera se reúne con agrupaciones de apoderados, que expresan matices sobre regreso a clases presenciales"
"199","Lassa, Ébola, Nipha, Hanta: estos son los virus que pueden convertirse en la próxima pandemia según la ciencia"
"200","Desde las 22.00 horas: Gobierno adelanta horario de toque de queda para todo el país a partir del sábado 26 de diciembre"
"201","Necesidades urgentes de los pacientes con secuelas respiratorias"
"202","

                
                
                Covid-19: Vacunas entran a fase crucial de ensayos que tomarán hasta 6 meses
"
"203","Brasil supera los 15 millones de casos de coronavirus y muertes alcanzan las 416.949"
"204","Ante el coronavirus, los creadores de Plague Inc. recuerdan a sus usuarios que es sólo un juego"
"205","Para vivir la emoción tuerca en cuarentena: Conoce estos videojuegos de autos que debes probar"
"206","

                
                
                Los protocolos éticos del Covid-19 y la discriminación hacia las personas con discapacidad
"
"207","Récord en entrega de permisos en últimas 24 horas: Más de 1.400.000 y mayoría para compras"
"208","Continúa la vacunación contra el Covid-19: Hoy será el turno de personas entre 54 y 55 años"
"209","Cementerios estarán cerrados durante fin de semana del Día de Padre en todo el país"
"210","En medio de cuestionamientos, entrega de permisos de vacaciones se mantiene al alza: ya van 1.223.156"
"211","Johnson y Macron se reúnen por primera vez desde el inicio de la pandemia en Reino Unido"
"212","Ministro Paris y eventual autodenuncia por paseo del Presidente Piñera sin mascarilla: ""Sería una buena señal"""
"213","Querellante en caso de fallecidos por Covid-19: “Buscamos que los querellados justifiquen sus decisiones”"
"214","Mañalich y coronavirus: “El destino de esto es que toda la población mundial se infecte, no hay ninguna manera de evitarlo a menos que exista una vacuna”"
"215","

                
                
                Mujer de 21 años es la persona más joven fallecida por Covid-19 en Chile
"
"216","Israel descarta ""variante chilena"" y reconoce ""lamentable error"" al usar ese concepto en linaje detectado en ese país"
"217","Casos activos totales de Covid-19 en la Región Metropolitana se triplican en los últimos 30 días"
"218","Científicos chilenos en la Antártica: las estrictas medidas para evitar que el coronavirus invada el único punto del planeta donde no ha llegado"
"219","¿Por cuántos meses persisten los anticuerpos del Covid-19 después de contagiarse?"
"220","

                
                
                Balance diario del Minsal: Las Condes, Vitacura y Santiago retroceden a Preparación y se registran 1.507 casos nuevos de COVID-19
"
"221","Minvu publicará protocolo para plazas y parques: Exigirá 50% del aforo y 5 metros de distancia entre grupos de personas"
"222","Presidente anuncia proyecto para endurecer penas contra quienes incumplan restricciones: Incluirá servicios comunitarios"
"223","Melbourne vuelve a confinarse y Sidney registra récord de casos de covid-19"
"224","Los primeros de la RM en reabrir: Con la asistencia de 20 alumnos parten clases en colegios de Pirque"
"225","Salud anuncia que se publicará decreto que permite suspender cirugías electivas: Se aplicará en 11 regiones"
"226","Nuevas víctimas del coronavirus son de Ñuble, La Araucanía y Los Lagos: Todos tenían sobre los 60 años"
"227","Mañalich por aglomeraciones en paraderos: Es evidente que la situación abre una inquietud"
"228","Disney venderá mascarillas reutilizables de Marvel y Star Wars para ayudar por el coronavirus"
"229","Regiones de O’Higgins y Del Maule superan los cinco mil casos acumulados de Covid-19, y porcentaje de ventiladores disponibles vuelve a los dos dígitos"
"230","Galería: Así se ve Italia en su primer día de cuarentena nacional debido al coronavirus"
"231","Las fechas que se barajan para los Juegos de Tokio"
"232","Chilenos en cuarentena: La experiencia en Tortel y de otras personas aisladas en sus casas tras el auge del Covid-19"
"233","

                
                
                Calendario de vacunación: personas entre 34 y 30 años recibirán primera dosis la próxima semana
"
"234","Coronavirus: Banco Central Europeo anuncia medidas para contener efectos económicos sin recortar tasas de interés"
"235","Mnuchin y enemigo de Musk apoyan intento de reapertura de Tesla"
"236","

                
                
                Gobierno se abre a mesa técnica que resuelva voto de pacientes COVID y otros casos en elecciones del 2021
"
"237","Vicepresidente de EE.UU. es el primer miembro de la Casa Blanca en vacunarse contra el Covid-19"
"238","

                
                
                Bolsonaro da positivo por coronavirus por tercera vez
"
"239","Hay todo un historial de problemas con Zoom que convocan a ser cuidadosos"
"240","Jeffrey Sachs: “Necesitamos elevar nuestro comportamiento ético y el compromiso con el bien común”"
"241","Estudio advierte: Efectos del coronavirus amenazan con sumir en la pobreza a más de 500 millones de personas"
"242","Perú evalúa endurecer restricciones para frenar rebrote de coronavirus"
"243","La pandemia deja más de 600.000 casos en el mundo durante el último día y roza el umbral de los 129 millones de contagios"
"244","Explosión de nuevos casos llevó positividad de los tests a un peak de 18%"
"245","¿El estilo Paris?: Ministro plantea idea de que balance del coronavirus sea más técnico y cada tres días"
"246","La Fórmula 1 cancela las pruebas de Azerbaiyán, Singapur y Japón"
"247","Sin público, sin saludos y algunos con mascarilla... Conoce las estrictas medidas con las que vuelve la Bundesliga"
"248","Fallece cónsul de Chile en Rosario diagnosticado con coronavirus"
"249","

                
                
                Presionado por las condiciones de RN y la UDI, Gobierno enfrenta hoy la votación de la prórroga del estado de excepción en la Cámara
"
"250","En qué se diferencian el Capítulo 11 con la Ley de Reemprendimiento chilena"
"251","Minsal reporta 27 decesos y 1.550 nuevos contagios: Testeos PCR totales superan los 5 millones y positividad fue de 3,92%"
"252","Cumbre del G7 parte en Inglaterra con el cambio climático y las vacunas como prioridades"
"253","Singapur y el Covid-19: del éxito al ocaso en 20 días"
"254","Minsal da a conocer datos de trazabilidad: Cinco regiones llegan a 100% y Valparaíso es la que tiene el menor índice"
"255","Ministro Walker afirma que embajador chino en Chile le expresó que coronavirus ""bajará su intensidad"" en los próximos 10 días"
"256","Autoridades cancelan definitivamente la edición 2020 del festival de Coachella"
"257","

                
                
                Defensoría de la Niñez informa que mantendrá modalidad de trabajo remoto a sus funcionarios
"
"258","Facebook pone fin a la prohibición de publicaciones que afirman que el Covid-19 fue creado por el hombre"
"259","Ministro de salud británico asegura que Boris Johnson está en “muy buen estado de salud”"
"260","Rebrotes de contagios por coronavirus en Beijing parecen disminuir según cifras de autoridades chinas"
"261","Neyün, Keepex, Ambumátic: estos son los cinco ventiladores mecánicos más prometedores que se diseñan en Chile"
"262","Argentina inicia vacunación con Sputnik V: Trabajdores de la salud y gobernador de Buenos Aires fueron inoculados"
"263","

                
                
                Los laboratorios universitarios, claves en el testeo de COVID-19 en Chile
"
"264","Anuncian el regreso de la Fórmula E con intenso calendario de seis carreras en nueve días"
"265","Luis Musrri: “Mi ida a la U fue un retroceso en lo profesional”"
"266","Ad portas de juntas de accionistas: Las alertas de los presidentes de grandes empresas por el estallido social y coronavirus"
"267","Las imágenes que dejan las primeras horas del desconfinamiento parcial en Valdivia"
"268","OMS dice que “quizá nunca haya” una “bala de plata” contra el virus"
"269","Estado de Florida registra más de 10 mil nuevos casos de coronavirus en un día, superando así los 300 mil contagiados"
"270","Piñera califica de ""mala noticia” el último Imacec y llama a los partidos políticos a colaborar para fortalecer la “red de protección”"
"271","La Moneda informa que el Presidente Piñera dio negativo a examen para detectar coronavirus"
"272","La calle en pandemia: La mitad de los conductores seguirá usando el auto, mientras crecen peatones y ciclistas"
"273","Pase de movilidad, fechas y edades: Preguntas y respuestas que dejó el anuncio de la dosis de refuerzo"
"274","El mea culpa de Mañalich: el exministro de Salud analizó sus fallas en la crisis sanitaria"
"275","Minsal reportó 6.263 contagios por Covid-19: positividad fue de un 7,77 por ciento a nivel nacional"
"276","Ministro Paris por investigación de muertes por Covid: “No hay ningún problema en entregar los datos”"
"277","Santiago Alba Rico:  “Preferimos un enemigo con un plan  que un azar desatado sobre el mundo”"
"278","

                
                
                Políticos de oposición llaman al Gobierno a ""modificar sus conductas"" y ofrecer ""soluciones concretas"" en medio de la pandemia
"
"279","MTT presenta plan de movilidad para retorno gradual con 222 medidas: Incluye ciclovías temporales y semáforos más cortos"
"280","Alemania registra más de 17 mil nuevos casos mientras continúa subiendo la tasa de incidencia"
"281","""No hay cerveza"" en México: Paralización ante coronavirus golpea al mayor exportador de la bebida en el mundo"
"282","Ministro Paris asegura que “probablemente” a mediados de junio comenzará la vacunación de los menores de 18 años"
"283","Salud e instructivo del Ministerio Público para fiscalizaciones: ""Como autoridad sanitaria seguiremos aplicando la normativa"""
"284","Dolly Parton aportó un millón de dólares para financiar la vacuna de un laboratorio contra el coronavirus"
"285","INDH llama al Poder Judicial a revisar medidas cautelares y pide al Gobierno evitar crisis sanitaria en cárceles"
"286","¿Cuál es la posibilidad de contagiarse en las “terrazas transitorias”?"
"287","Golpeada por una segunda ola y con cifras récord: La evolución de la pandemia en India"
"288","Mineduc inicia entrega de canastas de alimentación tras suspensión de clases: beneficiará a un millón 600 mil estudiantes"
"289","Por ahora solo hay pequeñas señales de las medidas de DC y Marvel Comics por el coronavirus"
"290","Permiso de vacaciones ha sido solicitado por 223 mil personas: Valparaíso, Coquimbo y La Araucanía las regiones más visitadas"
"291","Bachelet afirma que la pandemia ""dejó al descubierto todas las fisuras y fragilidades de nuestras sociedades"""
"292","Grupo de expertos propone una tasa global a las empresas mínimo de 25% en medio de crisis por covid-19"
"293","En EE.UU. recomiendan cubrirse la cara en lugares públicos: Trump asegura que medida es voluntaria y no lo hará"
"294","Mujer argentina pasa su cuarentena en un hotel cinco estrellas en París y le pagan por ello"
"295","Selección de pacientes y casi 3 mil muertos: el desborde de Perú"
"296","“Ningún otro caso como este”: niño de 3 años tuvo un derrame cerebral después de sufrir Covid"
"297","Pandemia hunde fusiones mundiales a nivel más bajo desde 2012"
"298","COVID-19: diez medidas que debe seguir si vive en edificio"
"299","En lo que va de abril hemos superado tres veces los 10 mil casos diarios de coronavirus entre confirmados y probables"
"300","Detenidos por infracciones sanitarias se disparan un 52% durante última jornada"
"301","Minsal reporta 120 decesos y 7.304 nuevos casos: Positividad llegó a 10,29%"
"302","Llega un millón de dosis de Sinovac: Chile ya ha recibido más de 23,7 millones de dosis"
"303","¿Por qué la OMS se niega a declarar pandemia por coronavirus?"
"304","Retail Financiero estima que tendrían problemas de liquidez por US$1.000 millones mensuales en caso de aprobarse proyecto que posterga créditos de forma masiva"
"305","Nueve regiones del país muestran una velocidad de transmisión del virus superior a lo recomendado"
"306","OMS advierte que el mundo está al borde de un ""catastrófico fracaso moral"" si los países ricos acaparan las vacunas"
"307","Se suspende partido entre Valdivia y Ñublense por casos de Covid-19"
"308","“Política desigual” y “ahorros embargables”: La minuta de la Segpres a los diputados y autoridades para el debate sobre el retiro de fondos de pensiones"
"309","

                
                
                Informe epidemiológico: Chile superó la barrera de 30 mil decesos por covid-19 entre confirmados y probables
"
"310","Guillier le mete mano y edita video del gobierno que buscaba generar conciencia sobre el Covid-19"
"311","Comisión Retorno define su primer objetivo: mantener el formato del torneo"
"312","El regreso de Dios"
"313","

                
                
                La ONU teme más violencia de género y pobreza para las mujeres por el COVID-19
"
"314","Facebook cancela su conferencia anual de desarrolladores por el coronavirus"
"315","Unión Europea cree necesario investigar el origen de la pandemia de covid-19"
"316","Fang Fang, la escritora que desafía a China con su diario del virus"
"317","La lámina que compartió Contralorito para responder a quienes dudan de la vacuna contra el Covid"
"318","Paris explica los ""determinantes sociales"" considerados para el desconfinamiento parcial de Los Ríos y Aysén"
"319","El impacto de los rebrotes en España"
"320","Balance diario del Minsal: nuevos casos Covid-19 rozan los ocho mil y se reportan 133 fallecidos"
"321","Confirman el primer fallecimiento en Japón a causa del coronavirus"
"322","Chile registra segunda cifra más alta de casos diarios en la pandemia"
"323","Menor incidencia de activos en 14 regiones: El contraste en los indicadores epidemiológicos previo al ""18"" entre 2020 y este año"
"324","Fiestas de fin de año y Covid-19 ¿Podemos celebrar con amigos o familiares sin mascarilla?"
"325","México estima que alcanzará ""inmunidad de rebaño"" ante el covid-19 en agosto y amplía puntos de vacunación"
"326","

                
                
                Triste récord: Brasil supera el millón de casos de COVID-19 y se aproxima a las 50.000 muertes
"
"327","Mercado corrige con fuerza sus proyecciones y prevé caída del PIB del segundo trimestre de -4,9%"
"328","España permitirá desde el lunes el ingreso a las personas que acrediten estar vacunados"
"329","María Fernanda Ampuero, escritora: La desigualdad en las vacunas “da para escribir un cuento de terror”"
"330","Fiscalía abrió investigación de oficio por eventual delito sanitario de pastor evangélico de La Pintana"
"331","Estados Unidos supera las 100.000 muertes por COVID-19"
"332","Cuerpo de Bomberos Metropolitano Sur confirma dos voluntarios contagiados de Covid-19"
"333","Evo Morales recibió el alta medica tras doce días hospitalizado por Covid-19"
"334","Mociones inadmisibles, iniciativas por covid-19 y críticas al Ejecutivo: ¿Cómo evalúas el trabajo de los senadores en medio de la pandemia?"
"335","

                
                
                Covid-19: el gráfico que muestra el riesgo de contagio de coronavirus según la actividad que hagas
"
"336","Informe de expertos recomendó el lunes “evaluar la expansión de la cuarentena” en Región Metropolitana"
"337","Joaquín Niemann da positivo y se pierde el Masters"
"338","Plan de emergencia: oposición cuestiona marco fiscal propuesto"
"339","El diagnóstico de la presidenta del Colegio Médico sobre el manejo de cifras de Covid-19 por parte del Minsal: “Necesitamos mayor transparencia”"
"340","Informe epidemiológico: casos activos a nivel alcanzan cuarto récord consecutivo y casi 90% de las comunas en Chile superan los 100 contagiantes por cada 100 mil habitantes"
"341","

                
                
                Guía práctica de los test de covid-19: para qué sirven y para qué no
"
"342","India suma más de 24.000 casos nuevos de coronavirus y 333 muertos en las últimas 24 horas"
"343","Brasil supera los 80.000 muertos y los 2,1 millones de casos de coronavirus"
"344","Hasta los mineros lloran la partida de “Pipo Arancibia”"
"345","Chile supera los 3,3 millones de personas vacunadas contra el coronavirus, el 21,7% de la población objetivo"
"346","El reclamo de las autoridades de Tarapacá tras el alza de casos de covid-19 en la región"
"347","Google lanzó iniciativa contra la desinformación sobre el coronavirus"
"348","El coronavirus llegó a Chile"
"349","Cirugía ginecológica mínimamente invasiva en pandemia: Más segura que nunca"
"350","DEIS: Fallecimientos atribuidos al Covid-19 ascienden a 33.759 a nivel nacional y abril se posiciona como el tercer mes con más decesos de toda la pandemia"
"351","Cámara despacha a Comisión Mixta proyecto que crea Fondo de Emergencia Covid-19"
"352","Decesos por coronavirus en Chile llegarían a 13.939 sumando confirmados y sospechosos"
"353","Minsal reporta 50 decesos y 1.923 nuevos contagios: Segundo día consecutivo con récord de exámenes y positividad es 4,88%"
"354","Taquicardia extrema, dolor en el pecho, náuseas insoportables: sobreviviente de coronavirus revela los terroríficos síntomas que experimentó"
"355","Vacuna contra el Covid-19 de la Universidad de Oxford anuncia una eficacia del 70%"
"356","Zico ha vuelto y es chileno"
"357","Infectóloga italiana Giuseppina Liuzzi en Chile: ""Hemos vivido y vivimos las mismas batallas"""
"358","A una semana de iniciada la vacunación masiva, 1.128.359 personas han sido inoculadas en el país contra el Covid-19"
"359","Gobierno anuncia proyecto para suplementar ingresos de trabajadores a honorarios"
"360","¿Cuándo aterrizó el virus en Chile?: una pregunta que debemos dilucidar"
"361","Gobierno previo a interpelación a Paris: Oposición ""tuvo mala suerte, porque hoy justo es cuando hay menos casos"""
"362","Minsal reporta 39 decesos y cifra de casos nuevos desciende a 1.711: Positividad es la más alta desde octubre"
"363","Experto en salud pública advierte por aglomeraciones de Navidad en plena pandemia: “No hay que responsabilizar solo a las personas/falta fiscalización de la autoridad”"
"364","Efecto pandemia: medición detectó fuerte alza de obesidad y sobrepeso en niños"
"365","Cómo el virus ha cambiado al transporte público en el mundo"
"366","Hacienda alista medidas por crisis y Banco Central sale a reforzar liquidez en pesos y dólares"
"367","Caso helicópteros: Imputados deberán hacer donación benéfica y no podrán realizar vuelos por tres meses"
"368","Estados Unidos superó los cinco millones de contagios por Covid-19"
"369","""Un dolor de cuerpo brutal"": Los crudos testimonios de dos deportistas contagiados con el coronavirus"
"370","

                
                
                Balance del Covid-19 en Chile: fallecidos superan la barrera de los cinco mil
"
"371","Minsal planea instalar hospitales modulares en caso de potencial demanda de camas por contagios de Covid-19"
"372","En lo que va de julio se han reportado más casos que en los primeros 11 meses de pandemia: La evolución del covid en Cuba"
"373","Ocho de las 16 regiones de Chile superan los 100 nuevos casos diarios de Covid-19 en la jornada con mayor cantidad de contagios desde julio"
"374","Wall Street sufrió dura caída en medio del pesimismo del mercado ante los resultados de Amazon y otras compañías"
"375","Alcaldes de Los Ríos y Aysén ante ""desconfinamiento gradual"": Piden fiscalización rigurosa y garantías ""que den tranquilidad"""
"376","Toque de queda comenzará a la medianoche en todo el país, con excepción de Magallanes y Puerto Montt"
"377","""Niebla mental"": La secuela que afecta a los pacientes con covid-19 que también se ha detectado en Chile"
"378","Rusia supera los 145.000 contagiados por coronavirus tras sumar de nuevo más de 10.000 positivos en un día"
"379","Italia registra la menor cifra de fallecidos diarios desde el inicio de la pandemia"
"380","Ministro Figueroa cuestiona al Colegio de Profesores por ""vanagloriarse o casi alegrarse cada vez que un colegio cierra"""
"381","“Se busca... ¡De preferencia muerto!”: El detalle de la denuncia por amenazas en Twitter contra Mañalich"
"382","Diputada Núñez empuja el “Plan Antofagasta” para levantar a la región del impacto de la pandemia"
"383","¿Un salario mínimo de $500 mil?: Economistas analizan escenario para la negociación del nuevo reajuste"
"384","Los números que preocupan a la zona norponiente del Gran Santiago: cuatro comunas superan los 100 casos activos por cada 100 mil habitantes"
"385","Nadal tuvo que dejar niños en cuarentena dentro de su academia"
"386","Minsal y evaluación de Fase 2 en la RM: “La reducción de movilidad esperamos que impacte favorablemente en las cifras de contagio”"
"387","Memoria visual de un traslado aéreo"
"388","

                
                
                Los casos mundiales de Covid-19 superan los 50 millones después de un peak de 30 días
"
"389","

                
                
                Lo sorprendieron intentando robar: hombre con COVID-19 escapó en dos oportunidades de residencia sanitaria en Concepción
"
"390","Se acabó el carrete: cierran todas las discos de la Región Metropolitana"
"391","Pandemia sigue al alza en EE.UU.:  Acumula 530.624 muertes y 29.212.779 contagios por covid-19"
"392","Infractores al toque de queda caen un 11% y permisos temporales un 18% durante última jornada"
"393","Tres fiestas, más de cien personas: el eventual brote que preocupa a las comunas de Zapallar y Puchuncaví"
"394","Carabineros ha cursado más de seis mil detenciones sanitarias en medio de pandemia y surgen primeros indultados reincidentes"
"395","

                
                
                Autoridades con Covid-19 en Venezuela: Diosdado Cabello y el gobernador de Zulia están contagiados
"
"396","Argentina sumó 275 fallecidos y 6.614 casos de Covid-19 en las últimas 24 horas"
"397","Entrenando en los pasillos: masiva protesta por cierre de gimnasios en pleno Costanera Center"
"398","La increíble historia de una orden de Néstor Kirchner que podría acercar las vacunas de Cuba a Argentina"
"399","La historia del arquero argentino que fichó por Temuco y que está en cuarentena tras compartir avión con un contagiado de coronavirus"
"400","Casos en La Moneda y en La Araucanía: Los resguardos de las autoridades para prevenir contagios"
"401","VIDEOS. Así fue el masivo carrete en Barrio Bellavista, que muchos tildaron como la “Cepa Bellavista”"
"402","Aumenta demanda  en grandes estudios de abogados tras Covid-19"
"403","Mueren 22 pacientes de covid en India al cortarse el suministro de oxígeno"
"404","Columna de Paula Escobar: Extraño autogol"
"405","“Maskne” y los problemas en la piel que ha dejado la pandemia"
"406","Alumnos chinos retornan a clases con pulseras electrónicas para detectar el coronavirus"
"407","Médico del Stade de Reims se suicida al saber de su contagio"
"408","México reporta 596 nuevos fallecidos por Covid-19"
"409","Minsal reporta 61 decesos y 1.517 nuevos contagios: Positividad llegó al 4,2%, la más baja desde que hay registro"
"410","

                
                
                Estudio ""Vida en Pandemia"" revela el impacto económico de la crisis en las personas: 73% de encuestados dijo tener problemas para pagar créditos
"
"411","Superintendencia de Salud ordena a isapres a aprobar todas las licencias médicas por covid-19 que han sido rechazadas"
"412","Erick Pulgar supera el coronavirus y aguarda por retomar el trabajo"
"413","Gestor sanitario y test para internos y funcionarios: anuncian nuevas medidas para disminuir contagios de COVID-19 en cárcel de Puente Alto"
"414","Los futbolistas que iban camino a su mejor temporada en Europa antes de que se desatara el coronavirus"
"415","Covid-19: Chile es elegido para participar de los ensayos de la vacuna del laboratorio Johnson & Johnson"
"416","Israel pone fin a la mascarilla obligatoria en lugares públicos cerrados"
"417","Ventas del comercio electrónico casi se triplican en un año en medio de crisis por coronavirus"
"418","Minsal pone en marcha operativo en comunas con menor tasa de inoculación: 64% de las personas de 47 años han acudido a los vacunatorios"
"419","Consejo Asesor recomienda iniciar vacunación con Sinovac a niños de 3 a 12 años"
"420","Casos en la RM aumentan en un 45% en la última semana y Minsal condena fiestas clandestinas"
"421","Clase Abierta: Mindfulness y cómo practicarlo"
"422","Consejo de Estabilidad Financiera oficia al Congreso por riesgo sistémico de proyectos en discusión"
"423","Presidente del Grupo PSA reconoce que ""no podemos resistir mucho tiempo en ausencia casi total de ingresos"""
"424","Argentina registra nuevo récord diario de contagios y muertes por coronavirus: 35.543 casos y 745 decesos"
"425","Valparaíso y Frutillar: Escuelas de Rock estrena programa de radio desde las dos ciudades musicales de Chile"
"426","Bitácora de viajeros: vivir 14 días bajo sospecha"
"427","Minsal anuncia nueva restricción para el ingreso a Chile tras detectar cepa británica en el país: cuarentena de diez días será obligatoria"
"428","Comunidad médica expresa alerta por “fragilidad de la situación sanitaria” en el país y pide “privilegiar lo sanitario en el plan Paso a Paso”"
"429","Mujer murió al caer en un acantilado mientras se sacaba una foto para celebrar el fin de la cuarentena en Turquía"
"430","Minsal investiga aplicación de protocolos en Sanatorio Alemán de Concepción ante aumento de casos de covid-19 en el recinto"
"431","Alemania dice que iniciará su campaña de vacunación el 27 de diciembre"
"432","EE.UU. contabiliza más de 1.200 muertes en 24 horas por covid-19 y alcanza los 330 mil contagios en total"
"433","Fallecido por coronavirus en Concepción padecía un daño hepático crónico"
"434","Argentina: Gobernador de Buenos Aires anuncia regreso presencial a clases en el conurbano  de la ciudad"
"435","Piñera conversó con mandatario argentino tras impasse entre ambos gobiernos"
"436","El duelo en tiempos de pandemia"
"437","

                
                
                Espacio Público alerta que casos de covid-19 en la RM ""casi se han duplicado en las últimas seis semanas""
"
"438","Covid-19: Colmed admite preocupación de que funcionarios capacitados lleguen al límite"
"439","Australia registra récord de casos de covid-19 en segunda oleada de contagios"
"440","Daza y denuncia contra Paris por cumpleaños en el Minsal: ""Hemos recibido una carta sin mayores antecedentes"""
"441","Carabineros no contará con Simccar en fiscalización de cuarentena: Gobierno asegura que ""solo ralentizará"" controles"
"442","Agencia de la ONU pide que se anule deuda de las economías en desarrollo: cifra se calcula en US$ 1 billón"
"443","La economía chilena da una positiva sorpresa y logra crecer en el primer trimestre del año"
"444","

                
                
                Balance del COVID-19: hay 1.988 nuevos contagios y 62 fallecidos
"
"445","Tres de cada cuatro trabajadores de servicios transitorios no tenían empleo anterior o trabajaban informalmente"
"446","Casos diarios de Covid-19 en Chile vuelven a superar los dos mil y casos activos otra vez superan los 13 mil"
"447","La Casa Blanca confirma casos de Covid-19 entre sus  funcionarios ya vacunados"
"448","Expertos anticipan ""fuertes perturbaciones"" en la economía de China, la gran infectada por la epidemia del coronavirus"
"449","El enigma de Magallanes: ¿una peligrosa mutación, culpa de Argentina o desobediencia civil?"
"450","Imacec de -3,5% en marzo: Briones asegura que ""está en línea con lo que esperábamos"" y adelanta que ""abril debería ser peor"""
"451","El mundo refuerza medidas por temor a rebrotes del coronavirus"
"452","Matías Godoy, el pepero chileno que gambetea al coronavirus en Taiwán"
"453","Cuarentena en comunas de La Araucanía será desde mañana e intendente dice que ""era necesario tomar medidas más estrictas"""
"454","Corte de Santiago declara inadmisible recurso de protección interpuesto contra convenio del Sename y la ANI"
"455","Asociaciones de colegios particulares se suman al debate: ""Hay que hacer el esfuerzo de retornar lo antes posible"""
"456","El 64,7% de los detenidos en la RM por delitos contra la salud pública fue arrestado esta última semana"
"457","Ventiladores desocupados en el país llegan al nivel más bajo"
"458","Daza defiende vacuna de refuerzo tras solicitud que hizo la OMS para que países suspendan tercera dosis"
"459","McDonald’s se acoge a Ley de Protección de Empleos y retoma poco a poco sus operaciones"
"460","Confirman séptima víctima fatal por coronavirus en Italia"
"461","Casi 30.000 personas de las 16 regiones recibieron las primeras dosis: El avance de la vacunación contra el covid-19 en Chile"
"462","Gobierno anuncia desconfinamiento para once comunas del país y decreta cuarentena para otras ocho"
"463","

                
                
                Fundación Iguales pide al Gobierno implementar políticas de Estado antidiscriminatorias ante el avance del coronavirus
"
"464","Casos de coronavirus obligan a suspender La U-Iquique y La Calera-O’Higgins"
"465","Presidente de la Fórmula E y efectos del coronavirus: ""Algunos campeonatos no van a sobrevivir por sí mismos"""
"466","Nueva fiesta clandestina en Cachagua termina con 20 detenidos"
"467","

                
                
                Epidemióloga Sandra Cortés: ""Las personas adhieren mejor a las recomendaciones cuando tienen voceros confiables que entregan mensajes claros""
"
"468","Mañalich anuncia que contagiados con coronavirus se duplicaron en el país: Cifra llega a 155 pacientes y dos se encuentran en estado grave"
"469","Las cifras que preocupan en España: Presenta una expansión del Covid-19 más rápida y amplia que Italia y China"
"470","Hasta 100 mil por persona: bono IFE Covid también se pagará en marzo y abril ¿Cómo postular?"
"471","Aumentan en 310 los contagios por Covid-19: casos totales alcanzan los 2.449"
"472","Monckeberg dice que gobierno evalúa una nueva entrega de cajas de alimentos y asegura que polémica por instructivos le da “un poco de pudor”"
"473","Gremio de aerolíneas pide reabrir fronteras para chilenos y extranjeros a partir del 25 de julio: ""Existen las condiciones"""
"474","Desbordes: “Se está incubando un malestar de clase media (...) y eso nos puede salir mucho más caro que soltar un poco de plata”"
"475","Impronta diplomática y transformación social"
"476","Minsal reporta 34 decesos y 1.489 nuevos contagios: Hay récord de test y la positividad fue de 3,48%, la más baja desde que se informa"
"477","Jardines infantiles alertan que postergación de pagos los tiene al borde de la quiebra"
"478","Colmed sostiene que permiso de vacaciones fue ""un error que estamos pagando"" y pide ""aprender"" del 2020"
"479","La cuarentena tiene efectos dañinos sobre la población LGTBI en Chile"
"480","Minsal reporta 4.361 nuevos casos, cifra más alta desde el 27 de junio: Hubo 63 decesos y récord de PCR por segundo día consecutivo"
"481","Comunidad Médica advierte “frágil situación sanitaria” del país y presenta propuestas para enfrentar crítico escenario"
"482","Estados Unidos supera a Italia como el país con más muertos por coronavirus"
"483","Argentina ordena el cierre total de sus fronteras durante 15 días por coronavirus: restricción de ingreso incluye a Chile"
"484","Más de dos mil personas en Chile: Universidad Oxford y AstraZeneca terminan reclutamiento de voluntarios para vacunas"
"485","Ingreso Familiar de Emergencia: Región Metropolitana, Valparaíso, Biobío y Maule concentran 61% de hogares beneficiados"
"486","EE.UU. sobrepasa los 360.000 muertos y 21,2 millones de casos por covid-19"
"487","

                
                
                Negativo récord: pacientes de más de 60 años ingresados en UCI alcanzan su mayor número desde el inicio de la pandemia
"
"488","FDA fija para mediados de diciembre reunión para evaluar la vacuna de Moderna y dar visto bueno a su comercialización"
"489","Expresidente de Perú Alejandro Toledo es liberado de prisión ante temor de contraer coronavirus"
"490","Mes crítico: proyección de la U. de Chile estima un peak de 7 mil casos diarios de Covid-19 para la primera semana de junio"
"491","¿Brazo izquierdo o derecho?: Expertos aclaran dudas sobre el lugar del cuerpo donde se puede inyectar la vacuna"
"492","

                
                
                Minsal reporta 6574 casos nuevos y 109 fallecidos por covid-19 en las últimas 24 horas
"
"493","Se suspende toda actividad en el país, por petición mundial de la FIBA"
"494","Alza de temperaturas en el hemisferio sur: Los efectos que podría tener la temporada estival sobre la dinámica de contagios"
"495","Suprema acoge recurso de protección y permite asistencia a cultos religiosos en cuarentena"
"496","Subsecretaria Daza ""aclara"" resolución sobre migrantes: Los que hicieron autodenuncia ""tienen derecho a su vacuna"""
"497","“Al gobierno le faltó escuchar”: Multigremial de Emprendedores dice que cerca del 80% de las mipymes quedarían por fuera de los créditos de Fogape y Corfo"
"498","Italia registra casi mil muertos por Covid-19 el último día, la peor cifra de fallecidos desde el inicio de la crisis"
"499","Seremi de Los Ríos investiga diferencia en cifras de fallecidos: Informes regionales reportan 37 y en el Minsal 44"
"500","Países de la región apuestan a nuevos cierres de fronteras ante alza de casos de Covid"
